distance,time,velocity,height,drop_angle,windage,windage_angle
0.0 yd,0.000 s,2650.0 ft/s,-3.0 inch,0.00 MOA,0.0 inch,0.00 MOA
5.0 yd,0.006 s,2639.1 ft/s,-2.7 inch,-52.05 MOA,0.0 inch,0.04 MOA
10.0 yd,0.011 s,2628.2 ft/s,-2.5 inch,-23.52 MOA,0.0 inch,0.08 MOA
15.0 yd,0.017 s,2617.3 ft/s,-2.2 inch,-14.09 MOA,0.0 inch,0.12 MOA
20.0 yd,0.023 s,2606.5 ft/s,-2.0 inch,-9.44 MOA,0.0 inch,0.16 MOA
25.0 yd,0.029 s,2595.7 ft/s,-1.8 inch,-6.69 MOA,0.1 inch,0.20 MOA
30.0 yd,0.034 s,2584.9 ft/s,-1.5 inch,-4.91 MOA,0.1 inch,0.24 MOA
35.0 yd,0.040 s,2574.1 ft/s,-1.3 inch,-3.66 MOA,0.1 inch,0.28 MOA
40.0 yd,0.046 s,2563.4 ft/s,-1.2 inch,-2.76 MOA,0.1 inch,0.32 MOA
45.0 yd,0.052 s,2552.7 ft/s,-1.0 inch,-2.09 MOA,0.2 inch,0.36 MOA
50.0 yd,0.058 s,2542.0 ft/s,-0.8 inch,-1.58 MOA,0.2 inch,0.40 MOA
55.0 yd,0.064 s,2531.3 ft/s,-0.7 inch,-1.18 MOA,0.3 inch,0.44 MOA
60.0 yd,0.070 s,2520.7 ft/s,-0.6 inch,-0.88 MOA,0.3 inch,0.48 MOA
65.0 yd,0.076 s,2510.1 ft/s,-0.4 inch,-0.64 MOA,0.4 inch,0.52 MOA
70.0 yd,0.082 s,2499.5 ft/s,-0.3 inch,-0.45 MOA,0.4 inch,0.56 MOA
75.0 yd,0.088 s,2488.9 ft/s,-0.2 inch,-0.30 MOA,0.5 inch,0.61 MOA
80.0 yd,0.094 s,2478.4 ft/s,-0.2 inch,-0.19 MOA,0.5 inch,0.65 MOA
85.0 yd,0.100 s,2467.9 ft/s,-0.1 inch,-0.11 MOA,0.6 inch,0.69 MOA
90.0 yd,0.106 s,2457.4 ft/s,-0.1 inch,-0.06 MOA,0.7 inch,0.73 MOA
95.0 yd,0.112 s,2446.9 ft/s,-0.0 inch,-0.02 MOA,0.8 inch,0.77 MOA
100.0 yd,0.118 s,2436.4 ft/s,-0.0 inch,-0.00 MOA,0.9 inch,0.82 MOA
105.0 yd,0.124 s,2426.0 ft/s,0.0 inch,0.00 MOA,0.9 inch,0.86 MOA
110.0 yd,0.130 s,2415.6 ft/s,-0.0 inch,-0.01 MOA,1.0 inch,0.90 MOA
115.0 yd,0.137 s,2405.3 ft/s,-0.0 inch,-0.03 MOA,1.1 inch,0.95 MOA
120.0 yd,0.143 s,2394.9 ft/s,-0.1 inch,-0.06 MOA,1.2 inch,0.99 MOA
125.0 yd,0.149 s,2384.6 ft/s,-0.1 inch,-0.10 MOA,1.4 inch,1.03 MOA
130.0 yd,0.155 s,2374.3 ft/s,-0.2 inch,-0.15 MOA,1.5 inch,1.08 MOA
135.0 yd,0.162 s,2364.1 ft/s,-0.3 inch,-0.20 MOA,1.6 inch,1.12 MOA
140.0 yd,0.168 s,2353.8 ft/s,-0.4 inch,-0.26 MOA,1.7 inch,1.16 MOA
145.0 yd,0.175 s,2343.6 ft/s,-0.5 inch,-0.33 MOA,1.8 inch,1.21 MOA
150.0 yd,0.181 s,2333.4 ft/s,-0.6 inch,-0.41 MOA,2.0 inch,1.25 MOA
155.0 yd,0.187 s,2323.2 ft/s,-0.8 inch,-0.48 MOA,2.1 inch,1.30 MOA
160.0 yd,0.194 s,2313.1 ft/s,-1.0 inch,-0.57 MOA,2.2 inch,1.34 MOA
165.0 yd,0.200 s,2303.0 ft/s,-1.1 inch,-0.66 MOA,2.4 inch,1.39 MOA
170.0 yd,0.207 s,2292.9 ft/s,-1.3 inch,-0.75 MOA,2.5 inch,1.43 MOA
175.0 yd,0.213 s,2282.8 ft/s,-1.5 inch,-0.84 MOA,2.7 inch,1.48 MOA
180.0 yd,0.220 s,2272.8 ft/s,-1.8 inch,-0.94 MOA,2.9 inch,1.52 MOA
185.0 yd,0.227 s,2262.8 ft/s,-2.0 inch,-1.05 MOA,3.0 inch,1.57 MOA
190.0 yd,0.233 s,2252.8 ft/s,-2.3 inch,-1.15 MOA,3.2 inch,1.61 MOA
195.0 yd,0.240 s,2242.9 ft/s,-2.6 inch,-1.26 MOA,3.4 inch,1.66 MOA
200.0 yd,0.247 s,2232.9 ft/s,-2.9 inch,-1.37 MOA,3.6 inch,1.70 MOA
205.0 yd,0.253 s,2223.0 ft/s,-3.2 inch,-1.48 MOA,3.8 inch,1.75 MOA
210.0 yd,0.260 s,2213.2 ft/s,-3.5 inch,-1.60 MOA,4.0 inch,1.80 MOA
215.0 yd,0.267 s,2203.3 ft/s,-3.9 inch,-1.72 MOA,4.2 inch,1.84 MOA
220.0 yd,0.274 s,2193.5 ft/s,-4.2 inch,-1.84 MOA,4.4 inch,1.89 MOA
225.0 yd,0.281 s,2183.7 ft/s,-4.6 inch,-1.97 MOA,4.6 inch,1.94 MOA
230.0 yd,0.288 s,2173.9 ft/s,-5.0 inch,-2.09 MOA,4.8 inch,1.98 MOA
235.0 yd,0.294 s,2164.2 ft/s,-5.5 inch,-2.22 MOA,5.0 inch,2.03 MOA
240.0 yd,0.301 s,2154.5 ft/s,-5.9 inch,-2.35 MOA,5.2 inch,2.08 MOA
245.0 yd,0.308 s,2144.8 ft/s,-6.4 inch,-2.48 MOA,5.5 inch,2.13 MOA
250.0 yd,0.315 s,2135.1 ft/s,-6.8 inch,-2.62 MOA,5.7 inch,2.18 MOA
255.0 yd,0.322 s,2125.5 ft/s,-7.3 inch,-2.75 MOA,5.9 inch,2.22 MOA
260.0 yd,0.330 s,2115.9 ft/s,-7.9 inch,-2.89 MOA,6.2 inch,2.27 MOA
265.0 yd,0.337 s,2106.3 ft/s,-8.4 inch,-3.03 MOA,6.4 inch,2.32 MOA
270.0 yd,0.344 s,2096.7 ft/s,-9.0 inch,-3.17 MOA,6.7 inch,2.37 MOA
275.0 yd,0.351 s,2087.2 ft/s,-9.5 inch,-3.31 MOA,7.0 inch,2.42 MOA
280.0 yd,0.358 s,2077.7 ft/s,-10.1 inch,-3.46 MOA,7.2 inch,2.47 MOA
285.0 yd,0.365 s,2068.2 ft/s,-10.8 inch,-3.60 MOA,7.5 inch,2.52 MOA
290.0 yd,0.373 s,2058.7 ft/s,-11.4 inch,-3.75 MOA,7.8 inch,2.57 MOA
295.0 yd,0.380 s,2049.3 ft/s,-12.1 inch,-3.90 MOA,8.1 inch,2.62 MOA
300.0 yd,0.387 s,2039.9 ft/s,-12.7 inch,-4.05 MOA,8.4 inch,2.67 MOA
305.0 yd,0.395 s,2030.5 ft/s,-13.4 inch,-4.21 MOA,8.7 inch,2.72 MOA
310.0 yd,0.402 s,2021.1 ft/s,-14.2 inch,-4.36 MOA,9.0 inch,2.77 MOA
315.0 yd,0.409 s,2011.8 ft/s,-14.9 inch,-4.52 MOA,9.3 inch,2.82 MOA
320.0 yd,0.417 s,2002.4 ft/s,-15.7 inch,-4.67 MOA,9.6 inch,2.87 MOA
325.0 yd,0.424 s,1993.1 ft/s,-16.4 inch,-4.83 MOA,10.0 inch,2.92 MOA
330.0 yd,0.432 s,1983.9 ft/s,-17.3 inch,-4.99 MOA,10.3 inch,2.98 MOA
335.0 yd,0.440 s,1974.6 ft/s,-18.1 inch,-5.15 MOA,10.6 inch,3.03 MOA
340.0 yd,0.447 s,1965.4 ft/s,-18.9 inch,-5.32 MOA,11.0 inch,3.08 MOA
345.0 yd,0.455 s,1956.2 ft/s,-19.8 inch,-5.48 MOA,11.3 inch,3.13 MOA
350.0 yd,0.463 s,1947.0 ft/s,-20.7 inch,-5.65 MOA,11.7 inch,3.18 MOA
355.0 yd,0.470 s,1937.8 ft/s,-21.6 inch,-5.82 MOA,12.0 inch,3.24 MOA
360.0 yd,0.478 s,1928.7 ft/s,-22.6 inch,-5.99 MOA,12.4 inch,3.29 MOA
365.0 yd,0.486 s,1919.5 ft/s,-23.5 inch,-6.16 MOA,12.8 inch,3.34 MOA
370.0 yd,0.494 s,1910.4 ft/s,-24.5 inch,-6.33 MOA,13.2 inch,3.40 MOA
375.0 yd,0.502 s,1901.3 ft/s,-25.5 inch,-6.50 MOA,13.6 inch,3.45 MOA
380.0 yd,0.509 s,1892.3 ft/s,-26.6 inch,-6.68 MOA,13.9 inch,3.50 MOA
385.0 yd,0.517 s,1883.2 ft/s,-27.6 inch,-6.86 MOA,14.3 inch,3.56 MOA
390.0 yd,0.525 s,1874.2 ft/s,-28.7 inch,-7.03 MOA,14.8 inch,3.61 MOA
395.0 yd,0.533 s,1865.2 ft/s,-29.8 inch,-7.21 MOA,15.2 inch,3.67 MOA
400.0 yd,0.541 s,1856.2 ft/s,-31.0 inch,-7.39 MOA,15.6 inch,3.72 MOA
405.0 yd,0.550 s,1847.2 ft/s,-32.1 inch,-7.58 MOA,16.0 inch,3.78 MOA
410.0 yd,0.558 s,1838.3 ft/s,-33.3 inch,-7.76 MOA,16.5 inch,3.83 MOA
415.0 yd,0.566 s,1829.3 ft/s,-34.5 inch,-7.95 MOA,16.9 inch,3.89 MOA
420.0 yd,0.574 s,1820.4 ft/s,-35.8 inch,-8.13 MOA,17.4 inch,3.95 MOA
425.0 yd,0.582 s,1811.6 ft/s,-37.0 inch,-8.32 MOA,17.8 inch,4.00 MOA
430.0 yd,0.591 s,1802.7 ft/s,-38.3 inch,-8.51 MOA,18.3 inch,4.06 MOA
435.0 yd,0.599 s,1793.8 ft/s,-39.6 inch,-8.70 MOA,18.7 inch,4.12 MOA
440.0 yd,0.607 s,1785.0 ft/s,-41.0 inch,-8.90 MOA,19.2 inch,4.17 MOA
445.0 yd,0.616 s,1776.2 ft/s,-42.4 inch,-9.09 MOA,19.7 inch,4.23 MOA
450.0 yd,0.624 s,1767.4 ft/s,-43.8 inch,-9.29 MOA,20.2 inch,4.29 MOA
455.0 yd,0.633 s,1758.7 ft/s,-45.2 inch,-9.49 MOA,20.7 inch,4.35 MOA
460.0 yd,0.641 s,1749.9 ft/s,-46.7 inch,-9.68 MOA,21.2 inch,4.40 MOA
465.0 yd,0.650 s,1741.2 ft/s,-48.1 inch,-9.88 MOA,21.7 inch,4.46 MOA
470.0 yd,0.659 s,1732.5 ft/s,-49.6 inch,-10.09 MOA,22.3 inch,4.52 MOA
475.0 yd,0.667 s,1723.8 ft/s,-51.2 inch,-10.29 MOA,22.8 inch,4.58 MOA
480.0 yd,0.676 s,1715.1 ft/s,-52.8 inch,-10.50 MOA,23.3 inch,4.64 MOA
485.0 yd,0.685 s,1706.4 ft/s,-54.4 inch,-10.70 MOA,23.9 inch,4.70 MOA
490.0 yd,0.694 s,1697.8 ft/s,-56.0 inch,-10.91 MOA,24.4 inch,4.76 MOA
495.0 yd,0.702 s,1689.2 ft/s,-57.7 inch,-11.12 MOA,25.0 inch,4.82 MOA
500.0 yd,0.711 s,1680.6 ft/s,-59.3 inch,-11.33 MOA,25.6 inch,4.88 MOA
505.0 yd,0.720 s,1672.0 ft/s,-61.1 inch,-11.55 MOA,26.1 inch,4.94 MOA
510.0 yd,0.729 s,1663.4 ft/s,-62.8 inch,-11.76 MOA,26.7 inch,5.01 MOA
515.0 yd,0.738 s,1654.9 ft/s,-64.6 inch,-11.98 MOA,27.3 inch,5.07 MOA
520.0 yd,0.747 s,1646.3 ft/s,-66.4 inch,-12.20 MOA,27.9 inch,5.13 MOA
525.0 yd,0.757 s,1637.8 ft/s,-68.3 inch,-12.42 MOA,28.5 inch,5.19 MOA
530.0 yd,0.766 s,1629.3 ft/s,-70.1 inch,-12.64 MOA,29.2 inch,5.25 MOA
535.0 yd,0.775 s,1620.9 ft/s,-72.1 inch,-12.86 MOA,29.8 inch,5.32 MOA
540.0 yd,0.784 s,1612.4 ft/s,-74.0 inch,-13.09 MOA,30.4 inch,5.38 MOA
545.0 yd,0.794 s,1604.0 ft/s,-76.0 inch,-13.31 MOA,31.1 inch,5.44 MOA
550.0 yd,0.803 s,1595.6 ft/s,-78.0 inch,-13.54 MOA,31.7 inch,5.51 MOA
555.0 yd,0.812 s,1587.2 ft/s,-80.0 inch,-13.77 MOA,32.4 inch,5.57 MOA
560.0 yd,0.822 s,1578.8 ft/s,-82.1 inch,-14.00 MOA,33.1 inch,5.64 MOA
565.0 yd,0.831 s,1570.4 ft/s,-84.2 inch,-14.24 MOA,33.7 inch,5.70 MOA
570.0 yd,0.841 s,1562.1 ft/s,-86.4 inch,-14.47 MOA,34.4 inch,5.77 MOA
575.0 yd,0.851 s,1553.8 ft/s,-88.6 inch,-14.71 MOA,35.1 inch,5.83 MOA
580.0 yd,0.860 s,1545.5 ft/s,-90.8 inch,-14.95 MOA,35.8 inch,5.90 MOA
585.0 yd,0.870 s,1537.2 ft/s,-93.1 inch,-15.19 MOA,36.6 inch,5.97 MOA
590.0 yd,0.880 s,1528.9 ft/s,-95.4 inch,-15.43 MOA,37.3 inch,6.03 MOA
595.0 yd,0.890 s,1520.7 ft/s,-97.7 inch,-15.68 MOA,38.0 inch,6.10 MOA
600.0 yd,0.899 s,1512.5 ft/s,-100.1 inch,-15.93 MOA,38.8 inch,6.17 MOA
605.0 yd,0.909 s,1504.2 ft/s,-102.5 inch,-16.18 MOA,39.5 inch,6.24 MOA
610.0 yd,0.919 s,1496.1 ft/s,-104.9 inch,-16.43 MOA,40.3 inch,6.31 MOA
615.0 yd,0.929 s,1487.9 ft/s,-107.4 inch,-16.68 MOA,41.1 inch,6.37 MOA
620.0 yd,0.940 s,1479.7 ft/s,-109.9 inch,-16.93 MOA,41.8 inch,6.44 MOA
625.0 yd,0.950 s,1471.6 ft/s,-112.5 inch,-17.19 MOA,42.6 inch,6.51 MOA
630.0 yd,0.960 s,1463.5 ft/s,-115.1 inch,-17.45 MOA,43.4 inch,6.58 MOA
635.0 yd,0.970 s,1455.4 ft/s,-117.8 inch,-17.71 MOA,44.2 inch,6.65 MOA
640.0 yd,0.981 s,1447.3 ft/s,-120.4 inch,-17.97 MOA,45.1 inch,6.72 MOA
645.0 yd,0.991 s,1439.3 ft/s,-123.2 inch,-18.24 MOA,45.9 inch,6.80 MOA
650.0 yd,1.001 s,1431.3 ft/s,-125.9 inch,-18.50 MOA,46.7 inch,6.87 MOA
655.0 yd,1.012 s,1423.3 ft/s,-128.8 inch,-18.77 MOA,47.6 inch,6.94 MOA
660.0 yd,1.023 s,1415.3 ft/s,-131.6 inch,-19.04 MOA,48.5 inch,7.01 MOA
665.0 yd,1.033 s,1407.3 ft/s,-134.5 inch,-19.32 MOA,49.3 inch,7.08 MOA
670.0 yd,1.044 s,1399.4 ft/s,-137.5 inch,-19.59 MOA,50.2 inch,7.16 MOA
675.0 yd,1.055 s,1391.5 ft/s,-140.4 inch,-19.87 MOA,51.1 inch,7.23 MOA
680.0 yd,1.065 s,1383.6 ft/s,-143.5 inch,-20.15 MOA,52.0 inch,7.31 MOA
685.0 yd,1.076 s,1375.7 ft/s,-146.6 inch,-20.43 MOA,52.9 inch,7.38 MOA
690.0 yd,1.087 s,1367.9 ft/s,-149.7 inch,-20.71 MOA,53.9 inch,7.46 MOA
695.0 yd,1.098 s,1360.0 ft/s,-152.9 inch,-21.00 MOA,54.8 inch,7.53 MOA
700.0 yd,1.109 s,1352.2 ft/s,-156.1 inch,-21.29 MOA,55.8 inch,7.61 MOA
705.0 yd,1.120 s,1344.5 ft/s,-159.3 inch,-21.58 MOA,56.7 inch,7.68 MOA
710.0 yd,1.132 s,1336.7 ft/s,-162.6 inch,-21.88 MOA,57.7 inch,7.76 MOA
715.0 yd,1.143 s,1329.0 ft/s,-166.0 inch,-22.17 MOA,58.7 inch,7.84 MOA
720.0 yd,1.154 s,1321.3 ft/s,-169.4 inch,-22.47 MOA,59.7 inch,7.91 MOA
725.0 yd,1.166 s,1313.6 ft/s,-172.9 inch,-22.77 MOA,60.7 inch,7.99 MOA
730.0 yd,1.177 s,1306.0 ft/s,-176.4 inch,-23.07 MOA,61.7 inch,8.07 MOA
735.0 yd,1.189 s,1298.4 ft/s,-180.0 inch,-23.38 MOA,62.7 inch,8.15 MOA
740.0 yd,1.200 s,1290.8 ft/s,-183.6 inch,-23.69 MOA,63.8 inch,8.23 MOA
745.0 yd,1.212 s,1283.2 ft/s,-187.2 inch,-24.00 MOA,64.8 inch,8.31 MOA
750.0 yd,1.223 s,1275.6 ft/s,-191.0 inch,-24.31 MOA,65.9 inch,8.39 MOA
755.0 yd,1.235 s,1268.1 ft/s,-194.7 inch,-24.63 MOA,67.0 inch,8.47 MOA
760.0 yd,1.247 s,1260.6 ft/s,-198.5 inch,-24.95 MOA,68.1 inch,8.55 MOA
765.0 yd,1.259 s,1253.2 ft/s,-202.4 inch,-25.27 MOA,69.2 inch,8.64 MOA
770.0 yd,1.271 s,1245.8 ft/s,-206.4 inch,-25.59 MOA,70.3 inch,8.72 MOA
775.0 yd,1.283 s,1238.4 ft/s,-210.4 inch,-25.92 MOA,71.4 inch,8.80 MOA
780.0 yd,1.295 s,1231.0 ft/s,-214.4 inch,-26.25 MOA,72.6 inch,8.88 MOA
785.0 yd,1.308 s,1223.7 ft/s,-218.5 inch,-26.58 MOA,73.7 inch,8.97 MOA
790.0 yd,1.320 s,1216.4 ft/s,-222.7 inch,-26.92 MOA,74.9 inch,9.05 MOA
795.0 yd,1.332 s,1209.1 ft/s,-226.9 inch,-27.25 MOA,76.1 inch,9.14 MOA
800.0 yd,1.345 s,1201.9 ft/s,-231.2 inch,-27.59 MOA,77.3 inch,9.22 MOA
805.0 yd,1.357 s,1194.7 ft/s,-235.5 inch,-27.94 MOA,78.5 inch,9.31 MOA
810.0 yd,1.370 s,1187.5 ft/s,-239.9 inch,-28.28 MOA,79.7 inch,9.40 MOA
815.0 yd,1.382 s,1180.4 ft/s,-244.4 inch,-28.63 MOA,80.9 inch,9.48 MOA
820.0 yd,1.395 s,1173.3 ft/s,-248.9 inch,-28.99 MOA,82.2 inch,9.57 MOA
825.0 yd,1.408 s,1166.3 ft/s,-253.5 inch,-29.34 MOA,83.4 inch,9.66 MOA
830.0 yd,1.421 s,1159.3 ft/s,-258.2 inch,-29.70 MOA,84.7 inch,9.75 MOA
835.0 yd,1.434 s,1152.3 ft/s,-262.9 inch,-30.06 MOA,86.0 inch,9.84 MOA
840.0 yd,1.447 s,1145.4 ft/s,-267.7 inch,-30.43 MOA,87.3 inch,9.93 MOA
845.0 yd,1.460 s,1138.6 ft/s,-272.5 inch,-30.80 MOA,88.6 inch,10.02 MOA
850.0 yd,1.473 s,1131.9 ft/s,-277.4 inch,-31.17 MOA,90.0 inch,10.11 MOA
855.0 yd,1.487 s,1125.3 ft/s,-282.4 inch,-31.54 MOA,91.3 inch,10.20 MOA
860.0 yd,1.500 s,1118.8 ft/s,-287.5 inch,-31.92 MOA,92.7 inch,10.29 MOA
865.0 yd,1.513 s,1112.5 ft/s,-292.6 inch,-32.30 MOA,94.0 inch,10.38 MOA
870.0 yd,1.527 s,1106.5 ft/s,-297.8 inch,-32.69 MOA,95.4 inch,10.47 MOA
875.0 yd,1.541 s,1100.7 ft/s,-303.1 inch,-33.07 MOA,96.8 inch,10.57 MOA
880.0 yd,1.554 s,1095.3 ft/s,-308.4 inch,-33.46 MOA,98.2 inch,10.66 MOA
885.0 yd,1.568 s,1090.1 ft/s,-313.8 inch,-33.86 MOA,99.6 inch,10.75 MOA
890.0 yd,1.582 s,1085.3 ft/s,-319.3 inch,-34.26 MOA,101.1 inch,10.84 MOA
895.0 yd,1.596 s,1080.8 ft/s,-324.8 inch,-34.66 MOA,102.5 inch,10.94 MOA
900.0 yd,1.610 s,1076.5 ft/s,-330.5 inch,-35.06 MOA,104.0 inch,11.03 MOA
905.0 yd,1.624 s,1072.6 ft/s,-336.2 inch,-35.47 MOA,105.4 inch,11.12 MOA
910.0 yd,1.638 s,1068.8 ft/s,-342.0 inch,-35.88 MOA,106.9 inch,11.22 MOA
915.0 yd,1.652 s,1065.3 ft/s,-347.8 inch,-36.30 MOA,108.4 inch,11.31 MOA
920.0 yd,1.666 s,1061.9 ft/s,-353.8 inch,-36.72 MOA,109.9 inch,11.40 MOA
925.0 yd,1.680 s,1058.7 ft/s,-359.8 inch,-37.14 MOA,111.4 inch,11.50 MOA
930.0 yd,1.694 s,1055.6 ft/s,-365.9 inch,-37.56 MOA,112.9 inch,11.59 MOA
935.0 yd,1.708 s,1052.5 ft/s,-372.0 inch,-37.99 MOA,114.4 inch,11.68 MOA
940.0 yd,1.723 s,1049.6 ft/s,-378.3 inch,-38.43 MOA,115.9 inch,11.77 MOA
945.0 yd,1.737 s,1046.7 ft/s,-384.6 inch,-38.86 MOA,117.4 inch,11.86 MOA
950.0 yd,1.751 s,1043.9 ft/s,-391.0 inch,-39.30 MOA,118.9 inch,11.96 MOA
955.0 yd,1.766 s,1041.2 ft/s,-397.5 inch,-39.74 MOA,120.5 inch,12.05 MOA
960.0 yd,1.780 s,1038.5 ft/s,-404.0 inch,-40.19 MOA,122.0 inch,12.14 MOA
965.0 yd,1.795 s,1035.9 ft/s,-410.7 inch,-40.64 MOA,123.6 inch,12.23 MOA
970.0 yd,1.809 s,1033.3 ft/s,-417.4 inch,-41.09 MOA,125.1 inch,12.32 MOA
975.0 yd,1.824 s,1030.8 ft/s,-424.2 inch,-41.55 MOA,126.7 inch,12.41 MOA
980.0 yd,1.838 s,1028.3 ft/s,-431.1 inch,-42.01 MOA,128.3 inch,12.50 MOA
985.0 yd,1.853 s,1025.8 ft/s,-438.1 inch,-42.47 MOA,129.8 inch,12.59 MOA
990.0 yd,1.868 s,1023.4 ft/s,-445.1 inch,-42.93 MOA,131.4 inch,12.68 MOA
995.0 yd,1.882 s,1021.1 ft/s,-452.3 inch,-43.40 MOA,133.0 inch,12.77 MOA
1000.0 yd,1.897 s,1018.7 ft/s,-459.5 inch,-43.88 MOA,134.6 inch,12.85 MOA
